{
  "Transparency" : 0,
  "Tags" : [

  ],
  "Ansi 12 Color" : {
    "Red Component" : 0.50588244199752808,
    "Color Space" : "sRGB",
    "Blue Component" : 0.75686275959014893,
    "Alpha Component" : 1,
    "Green Component" : 0.63137257099151611
  },
  "Right Option Key Sends" : 0,
  "Draw Powerline Glyphs" : true,
  "Bold Color" : {
    "Red Component" : 0.25490197539329529,
    "Color Space" : "sRGB",
    "Blue Component" : 0.34509804844856262,
    "Alpha Component" : 1,
    "Green Component" : 0.28235295414924622
  },
  "Use Non-ASCII Font" : false,
  "Ansi 6 Color" : {
    "Red Component" : 0.53333336114883423,
    "Color Space" : "sRGB",
    "Blue Component" : 0.81568628549575806,
    "Alpha Component" : 1,
    "Green Component" : 0.75294119119644165
  },
  "Normal Font" : "JetBrainsMonoNerdFontComplete-Regular 13",
  "Rows" : 75,
  "Default Bookmark" : "No",
  "Ansi 1 Color" : {
    "Red Component" : 0.74901968240737915,
    "Color Space" : "sRGB",
    "Blue Component" : 0.4156862199306488,
    "Alpha Component" : 1,
    "Green Component" : 0.38039213418960571
  },
  "Ansi 2 Color" : {
    "Red Component" : 0.63921576738357544,
    "Color Space" : "sRGB",
    "Blue Component" : 0.54901951551437378,
    "Alpha Component" : 1,
    "Green Component" : 0.74509817361831665
  },
  "Cursor Color" : {
    "Red Component" : 0.53333336114883423,
    "Color Space" : "sRGB",
    "Blue Component" : 0.81568628549575806,
    "Alpha Component" : 1,
    "Green Component" : 0.75294119119644165
  },
  "Cursor Guide Color" : {
    "Red Component" : 0.23137256503105164,
    "Color Space" : "sRGB",
    "Blue Component" : 0.32156860828399658,
    "Alpha Component" : 1,
    "Green Component" : 0.25882357358932495
  },
  "Non-ASCII Anti Aliased" : true,
  "Use Bright Bold" : true,
  "Ansi 10 Color" : {
    "Red Component" : 0.63921576738357544,
    "Color Space" : "sRGB",
    "Blue Component" : 0.54901951551437378,
    "Alpha Component" : 1,
    "Green Component" : 0.74509817361831665
  },
  "Ambiguous Double Width" : false,
  "Jobs to Ignore" : [
    "rlogin",
    "ssh",
    "slogin",
    "telnet"
  ],
  "Ansi 15 Color" : {
    "Red Component" : 0.92549020051956177,
    "Color Space" : "sRGB",
    "Blue Component" : 0.95686274766921997,
    "Alpha Component" : 1,
    "Green Component" : 0.93725490570068359
  },
  "Foreground Color" : {
    "Red Component" : 0.25490197539329529,
    "Color Space" : "sRGB",
    "Blue Component" : 0.34509804844856262,
    "Alpha Component" : 1,
    "Green Component" : 0.28235295414924622
  },
  "Bound Hosts" : [

  ],
  "Working Directory" : "\/Users\/davidker",
  "Blinking Cursor" : true,
  "Disable Window Resizing" : true,
  "Sync Title" : false,
  "Prompt Before Closing 2" : false,
  "BM Growl" : true,
  "Command" : "",
  "Description" : "Default",
  "Use Tab Color" : true,
  "Space" : 0,
  "Screen" : -1,
  "Selection Color" : {
    "Red Component" : 0.84705883264541626,
    "Color Space" : "sRGB",
    "Blue Component" : 0.91372549533843994,
    "Alpha Component" : 1,
    "Green Component" : 0.87058824300765991
  },
  "Mouse Reporting" : true,
  "Only The Default BG Color Uses Transparency" : true,
  "Columns" : 400,
  "Idle Code" : 0,
  "Ansi 13 Color" : {
    "Red Component" : 0.7058824896812439,
    "Color Space" : "sRGB",
    "Blue Component" : 0.67843133211135864,
    "Alpha Component" : 1,
    "Green Component" : 0.55686271190643311
  },
  "Custom Command" : "No",
  "ASCII Anti Aliased" : true,
  "Non Ascii Font" : "Monaco 12",
  "Vertical Spacing" : 1.2,
  "Use Bold Font" : true,
  "Option Key Sends" : 2,
  "Selected Text Color" : {
    "Red Component" : 0.29803922772407532,
    "Color Space" : "sRGB",
    "Blue Component" : 0.41568627953529358,
    "Alpha Component" : 1,
    "Green Component" : 0.3333333432674408
  },
  "Background Color" : {
    "Red Component" : 0.89803922176361084,
    "Color Space" : "sRGB",
    "Blue Component" : 0.94117647409439087,
    "Alpha Component" : 1,
    "Green Component" : 0.91372549533843994
  },
  "Character Encoding" : 4,
  "Ansi 11 Color" : {
    "Red Component" : 0.92156857252120972,
    "Color Space" : "sRGB",
    "Blue Component" : 0.54509800672531128,
    "Alpha Component" : 1,
    "Green Component" : 0.79607844352722168
  },
  "Use Italic Font" : true,
  "Unlimited Scrollback" : true,
  "Keyboard Map" : {
    "0xf700-0x260000" : {
      "Text" : "[1;6A",
      "Action" : 10
    },
    "0x37-0x40000" : {
      "Text" : "0x1f",
      "Action" : 11
    },
    "0x32-0x40000" : {
      "Text" : "0x00",
      "Action" : 11
    },
    "0xf709-0x20000" : {
      "Text" : "[17;2~",
      "Action" : 10
    },
    "0xf70c-0x20000" : {
      "Text" : "[20;2~",
      "Action" : 10
    },
    "0xf729-0x20000" : {
      "Text" : "[1;2H",
      "Action" : 10
    },
    "0xf72b-0x40000" : {
      "Text" : "[1;5F",
      "Action" : 10
    },
    "0xf705-0x20000" : {
      "Text" : "[1;2Q",
      "Action" : 10
    },
    "0xf703-0x260000" : {
      "Text" : "[1;6C",
      "Action" : 10
    },
    "0xf700-0x220000" : {
      "Text" : "[1;2A",
      "Action" : 10
    },
    "0xf703-0x300000" : {
      "Text" : "[F",
      "Action" : 10
    },
    "0xf701-0x280000" : {
      "Text" : "0x1b 0x1b 0x5b 0x42",
      "Action" : 11
    },
    "0x38-0x40000" : {
      "Text" : "0x7f",
      "Action" : 11
    },
    "0x33-0x40000" : {
      "Text" : "0x1b",
      "Action" : 11
    },
    "0xf703-0x220000" : {
      "Text" : "[1;2C",
      "Action" : 10
    },
    "0xf701-0x240000" : {
      "Text" : "[1;5B",
      "Action" : 10
    },
    "0xf70d-0x20000" : {
      "Text" : "[21;2~",
      "Action" : 10
    },
    "0xf702-0x260000" : {
      "Text" : "[1;6D",
      "Action" : 10
    },
    "0xf729-0x40000" : {
      "Text" : "[1;5H",
      "Action" : 10
    },
    "0xf702-0x300000" : {
      "Text" : "[H",
      "Action" : 10
    },
    "0xf706-0x20000" : {
      "Text" : "[1;2R",
      "Action" : 10
    },
    "0x34-0x40000" : {
      "Text" : "0x1c",
      "Action" : 11
    },
    "0xf700-0x280000" : {
      "Text" : "0x1b 0x1b 0x5b 0x41",
      "Action" : 11
    },
    "0x2d-0x40000" : {
      "Text" : "0x1f",
      "Action" : 11
    },
    "0xf70e-0x20000" : {
      "Text" : "[23;2~",
      "Action" : 10
    },
    "0xf702-0x220000" : {
      "Text" : "[1;2D",
      "Action" : 10
    },
    "0x7f-0x100000" : {
      "Text" : "0x15",
      "Action" : 11
    },
    "0xf703-0x280000" : {
      "Text" : "f",
      "Action" : 10
    },
    "0xf700-0x240000" : {
      "Text" : "[1;5A",
      "Action" : 10
    },
    "0xf707-0x20000" : {
      "Text" : "[1;2S",
      "Action" : 10
    },
    "0xf70a-0x20000" : {
      "Text" : "[18;2~",
      "Action" : 10
    },
    "0x35-0x40000" : {
      "Text" : "0x1d",
      "Action" : 11
    },
    "0xf70f-0x20000" : {
      "Text" : "[24;2~",
      "Action" : 10
    },
    "0xf703-0x240000" : {
      "Text" : "[1;5C",
      "Action" : 10
    },
    "0xf701-0x260000" : {
      "Text" : "[1;6B",
      "Action" : 10
    },
    "0xf702-0x280000" : {
      "Text" : "b",
      "Action" : 10
    },
    "0xf72b-0x20000" : {
      "Text" : "[1;2F",
      "Action" : 10
    },
    "0x36-0x40000" : {
      "Text" : "0x1e",
      "Action" : 11
    },
    "0xf708-0x20000" : {
      "Text" : "[15;2~",
      "Action" : 10
    },
    "0xf701-0x220000" : {
      "Text" : "[1;2B",
      "Action" : 10
    },
    "0xf70b-0x20000" : {
      "Text" : "[19;2~",
      "Action" : 10
    },
    "0xf702-0x240000" : {
      "Text" : "[1;5D",
      "Action" : 10
    },
    "0xf704-0x20000" : {
      "Text" : "[1;2P",
      "Action" : 10
    }
  },
  "Window Type" : 12,
  "Blur Radius" : 8.0214367861675129,
  "Cursor Type" : 2,
  "Background Image Location" : "",
  "Blur" : true,
  "Badge Color" : {
    "Red Component" : 0.26274508237838745,
    "Color Space" : "sRGB",
    "Blue Component" : 0.36862742900848389,
    "Alpha Component" : 0.7057952880859375,